{"cameraMode":{"drawMode":0,"name":"Shaded","section":"Shading Mode"},"sceneLighting":true,"audioPlay":false,"sceneViewState":{"showFog":true,"showMaterialUpdate":false,"showSkybox":true,"showFlares":true,"showImageEffects":true,"showParticleSystems":true,"showVisualEffectGraphs":true,"m_FxEnabled":true},"in2DMode":false,"pivot":{"x":471.4609069824219,"y":612.0152587890625,"z":-1044.270263671875},"rotation":{"x":0.002753059845417738,"y":0.9309598803520203,"z":-0.006975687108933926,"w":0.36515676975250246},"size":1.7792022228240967,"orthographic":false}